variable,Df,SumsOfSqs,MeanSqs,F.Model,R2,Pr(>F)
exposition,3,3.4577751256884937,1.1525917085628312,3.4401781668773728,0.041069402161095364,0.001
surveyYearF,3,3.006782884556243,1.0022609615187477,2.991481069761973,0.03571278380121689,0.001
Residuals,232,77.72890339260982,0.3350383766922837,NA,0.9232178140376879,NA
Total,238,84.19346140285455,NA,NA,1,NA
