"","term","statistic","df","p.value"
"1","(Intercept)",3.08162766762642,1,0.0791812480351233
"2","comparison",50.3507634297447,2,1.16538826720264e-11
"3","exposition",1.17147320415015,1,0.279098743401596
"4","PC1soil",0.195587913597839,1,0.658305975828194
"5","PC2soil",0.205665898710081,1,0.650185847265191
"6","PC3soil",1.01521997088439,1,0.313655535036492
"7","side",0.145266156185015,2,0.92994198352007
"8","locationYear",3.78473956699589,11,0.975795982417423
"9","comparison:exposition",7.0532490042991,2,0.0294040016854592
