"","term","statistic","df","p.value"
"1","comparison",0.866843439911997,2,0.648287038567306
"2","exposition",0.141625223707343,1,0.706670636040052
"3","PC1soil",1.31773542035532,1,0.250998876648842
"4","PC2soil",1.40855826260258,1,0.235295877337315
"5","PC3soil",1.57032462719292,1,0.210159876239293
"6","side",2.26901612344333,1,0.131983668223221
"7","log(distanceRiver)",3.41715715691039,1,0.0645220343034497
"8","locationYear",26.4352291360647,11,0.00558807638180168
