"","term","statistic","df","p.value"
"1","comparison",9.48856006394072,2,0.00870132442655621
"2","exposition",3.11374302679833,1,0.0776343577595553
"3","PC1soil",4.14963614011226,1,0.041643471510565
"4","PC2soil",4.8875140956527,1,0.0270516099894713
"5","PC3soil",0.381897372262328,1,0.536589540062562
"6","side",21.3924866211618,2,2.26297915274692e-05
"7","plotAge",22.1500532995079,7,0.00239340454890399
"8","locationYear",17.5393031855952,4,0.00151798605223757
